{
"lengthUnit": "mil",
"components": {
	"fields": ["COMPONENT_NO", "COMPONENT_NAME", "LAYER", "X_COORDINATE", "Y_COORDINATE", "ANGLE"],
	"rows": [
		[1, "C34", "T", 258, -456, 0],
		[2, "SW1", "T", -111, -499, 180],
		[3, "X1", "T", 553.09, 30.87, 180],
		[4, "U16", "T", -315, 401, 270],
		[5, "X2", "T", -315.12, 544.27, 180],
		[6, "C45", "T", -427.43, 545, 90],
		[7, "C46", "T", -203.43, 545, 90],
		[8, "U12", "T", 29, -360.62, 90],
		[9, "C35", "T", 351, -456, 180],
		[10, "C30", "T", 277, 354, 270],
		[11, "MIC1", "T", 334, -525, 90],
		[12, "C49", "T", 380, -392, 270],
		[13, "C29", "T", 452, -545, 180],
		[14, "C28", "T", 244, -525, 270],
		[15, "C15", "T", 278, 454, 270],
		[16, "C14", "T", 231, 404, 90],
		[17, "C13", "T", 232, 504, 270],
		[18, "C12", "T", 366, 364, 270],
		[19, "L2", "T", 321, 406, 270],
		[20, "C61", "T", -125, 545, 90],
		[21, "U19", "T", 531, -283, 90],
		[22, "C17", "T", 493, 228, 225],
		[23, "C16", "T", 521, 200, 225],
		[24, "C63", "T", -399, -354.62, 90],
		[25, "C71", "T", -424, -280.21, 180],
		[26, "C64", "T", -449, -354.62, 90],
		[27, "C65", "T", -499, -354.62, 90],
		[28, "C66", "T", -324, -332.44, 180],
		[29, "C67", "T", -497.93, -213.58, 0],
		[30, "C68", "T", -497.93, -163.58, 180],
		[31, "C69", "T", -497.93, -113.58, 180],
		[32, "C70", "T", -324, -280.21, 180],
		[33, "C72", "T", -229.53, -332.44, 180],
		[34, "C73", "T", -230, -280.21, 180],
		[35, "R50", "T", -258, -167, 90],
		[36, "L7", "T", 486, 119, 0],
		[37, "U14", "T", 556, 465, 135],
		[38, "U4", "T", 27, 361, 270],
		[39, "U13", "T", 242, 118, 270],
		[40, "R39", "T", -205, -413, 180],
		[41, "R43", "T", 128, 397, 90],
		[42, "R25", "T", -202, -220, 270],
		[43, "D3", "T", -312, -426, 225],
		[44, "D4", "T", -78, 453, 0],
		[45, "U15", "T", 225, -238, 0],
		[46, "U17", "T", -92, 359, 180],
		[47, "U20", "T", -374.93, -173.96, 90],
		[48, "C78", "T", 585, 119, 180],
		[49, "C79", "T", 451, 35, 270],
		[50, "C80", "T", 436, 274, 315],
		[51, "C81", "T", 512, 318, 135],
		[52, "L8", "T", 474, 296, 225],
		[53, "U21", "T", -404, 70, 90],
		[54, "C82", "T", -375, -74, 180],
		[55, "L1", "T", -344.39, 250.71, 180],
		[56, "C11", "T", -587.2, 144, 0],
		[57, "C10", "T", -587.2, 52.34, 0],
		[58, "C83", "T", -504, 250, 90],
		[59, "C5", "T", -234.43, 250.71, 270],
		[60, "TP2", "T", 141.76, 329.92, 0],
		[61, "TP1", "T", 212.76, 329.29, 0],
		[62, "C6", "T", -587.2, 98.17, 0],
		[63, "C7", "T", -455, 250, 270],
		[64, "CN2", "T", -532, 461, 90],
		[65, "X5", "T", -128, 2, 90],
		[66, "U22", "T", -870, -4, 270],
		[67, "U23", "B", -870, -4, 90],
		[68, "SW2", "T", 111, -499, 180],
		[69, "R33", "T", -255, 152, 90],
		[70, "R22", "T", -252, 4, 270],
		[71, "R38", "T", -205, -372, 180],
		[72, "R42", "T", 179, 397, 270],
		[73, "R27", "T", 446.1, -479.5, 180],
		[74, "R26", "T", 531, -479.5, 0],
		[75, "R44", "T", 615.9, -479.5, 0],
		[76, "R24", "T", 615.9, -87.5, 180],
		[77, "R45", "T", 531, -87.5, 180],
		[78, "R46", "T", 446.1, -87.5, 180],
		[79, "U24", "T", -98, -360.62, 90],
		[80, "U25", "T", 150, 504, 270],
		[81, "PAD1", "T", -607.3, -318.27, 0],
		[82, "PAD1", "B", -607.3, -318.27, 0],
		[83, "PAD2", "T", -607.3, -217.11, 0],
		[84, "PAD2", "B", -607.3, -217.11, 0],
		[85, "PAD3", "T", -607.3, -115.94, 0],
		[86, "PAD3", "B", -607.3, -115.94, 0],
		[87, "PAD4", "T", -607.3, -14.77, 0],
		[88, "PAD4", "B", -607.3, -14.77, 0],
		[89, "PAD5", "T", -392, -532, 0],
		[90, "PAD5", "B", -392, -532, 0],
		[91, "PAD6", "T", -291.8, -534.3, 0],
		[92, "PAD6", "B", -291.8, -534.3, 0],
		[93, "PAD7", "T", -564, -422, 0],
		[94, "PAD7", "B", -564, -422, 0],
		[95, "PAD8", "T", -492, -491, 0],
		[96, "PAD8", "B", -492, -491, 0],
		[97, "PAD9", "T", -606.74, 310.46, 0],
		[98, "PAD9", "B", -606.74, 310.46, 0],
		[99, "PAD10", "T", -607.74, 210.3, 0],
		[100, "PAD10", "B", -607.74, 210.3, 0],
		[101, "PAD11", "T", 42.46, 531.46, 0],
		[102, "PAD11", "B", 42.46, 531.46, 0],
		[103, "PAD12", "T", -57, 532, 0],
		[104, "PAD12", "B", -57, 532, 0],
		[105, "PAD13", "T", 321.2, 335.63, 0],
		[106, "PAD14", "T", 321.2, 300.96, 0]
	]
},
"pins": {
	"fields": ["PIN_NO", "PIN_NAME", "PIN_X", "PIN_Y", "LAYER", "PIN_TYPE", "NET_NAME", "NET_TYPE", "PAD_SHAPE", "PAD_SIZEX", "PAD_SIZEY", "HOLE_SIZE"],
	"rows": [
		[1, "C34_2", 279.46, -456, "T", "SMD", "VDD_SPI", "", "R", 31.11, 21.26, 0],
		[2, "C34_1", 236.54, -456, "T", "SMD", "GND", "GND", "R", 31.11, 21.26, 0],
		[3, "SW1_1", -20.45, -529.51, "T", "SMD", "GND", "GND", "R", 35.43, 47.24, 0],
		[4, "SW1_2", -201.55, -529.51, "T", "SMD", "GND", "GND", "R", 35.43, 47.24, 0],
		[5, "SW1_3", -45.06, -468.49, "T", "SMD", "GPIO26", "", "R", 47.24, 51.18, 0],
		[6, "SW1_4", -176.95, -468.49, "T", "SMD", "GND", "GND", "R", 47.24, 51.18, 0],
		[7, "X1_3", 509.78, -2.59, "T", "SMD", "XTAL_N", "", "R", 55.12, 47.24, 0],
		[8, "X1_1", 596.4, 64.34, "T", "SMD", "$1N119610", "", "R", 55.12, 47.24, 0],
		[9, "X1_4", 596.4, -2.59, "T", "SMD", "GND", "GND", "R", 55.12, 47.24, 0],
		[10, "X1_2", 509.78, 64.34, "T", "SMD", "GND", "GND", "R", 55.12, 47.24, 0],
		[11, "U16_1", -421.5, 476, "T", "SMD", "$1N18499", "", "O", 22.38, 76.78, 0],
		[12, "U16_2", -421.5, 426, "T", "SMD", "$1N18498", "", "O", 22.38, 76.78, 0],
		[13, "U16_4", -421.5, 326, "T", "SMD", "GND", "GND", "O", 22.38, 76.78, 0],
		[14, "U16_8", -208.5, 476, "T", "SMD", "VRTC", "", "O", 22.38, 76.78, 0],
		[15, "U16_6", -208.5, 376, "T", "SMD", "BMP_SCL", "", "O", 22.38, 76.78, 0],
		[16, "U16_5", -208.5, 326, "T", "SMD", "BMP_SDA", "", "O", 22.38, 76.78, 0],
		[17, "X2_1", -265.91, 544.27, "T", "SMD", "$1N18498", "", "R", 70.87, 39.37, 0],
		[18, "X2_2", -364.34, 544.27, "T", "SMD", "$1N18499", "", "R", 70.87, 39.37, 0],
		[19, "C45_2", -427.43, 566.46, "T", "SMD", "$1N18499", "", "R", 31.11, 21.26, 0],
		[20, "C45_1", -427.43, 523.54, "T", "SMD", "GND", "GND", "R", 31.11, 21.26, 0],
		[21, "C46_2", -203.43, 566.46, "T", "SMD", "$1N18498", "", "R", 31.11, 21.26, 0],
		[22, "C46_1", -203.43, 523.54, "T", "SMD", "GND", "GND", "R", 31.11, 21.26, 0],
		[23, "U12_1", 66.4, -321.25, "T", "SMD", "GPIO18", "", "R", 49.21, 27.56, 0],
		[24, "U12_2", -8.4, -321.25, "T", "SMD", "GND", "GND", "R", 49.21, 27.56, 0],
		[25, "U12_3", 29, -399.99, "T", "SMD", "$1N133195", "", "R", 49.21, 27.56, 0],
		[26, "C35_2", 329.54, -456, "T", "SMD", "VDD_SPI", "", "R", 31.11, 21.26, 0],
		[27, "C35_1", 372.46, -456, "T", "SMD", "GND", "GND", "R", 31.11, 21.26, 0],
		[28, "C30_2", 277, 332.54, "T", "SMD", "ESP_EN", "", "R", 31.11, 21.26, 0],
		[29, "C30_1", 277, 375.46, "T", "SMD", "GND", "GND", "R", 31.11, 21.26, 0],
		[30, "MIC1_1", 372.38, -544.88, "T", "SMD", "VDD3V3", "", "R", 22.05, 22.05, 0],
		[31, "MIC1_2", 295.62, -544.88, "T", "SMD", "GND", "GND", "R", 22.05, 22.05, 0],
		[32, "MIC1_3", 295.62, -505.12, "T", "SMD", "GND", "GND", "R", 22.05, 22.05, 0],
		[33, "MIC1_4", 372.38, -505.12, "T", "SMD", "$1N19363", "", "R", 22.05, 22.05, 0],
		[34, "C49_2", 380, -413.46, "T", "SMD", "$1N19363", "", "R", 20, 21.26, 0],
		[35, "C49_1", 380, -370.54, "T", "SMD", "GPIO33", "", "R", 20, 21.26, 0],
		[36, "C29_2", 430.54, -545, "T", "SMD", "VDD3V3", "", "R", 31.11, 21.26, 0],
		[37, "C29_1", 473.46, -545, "T", "SMD", "GND", "GND", "R", 31.11, 21.26, 0],
		[38, "C28_2", 244, -546.46, "T", "SMD", "VDD3V3", "", "R", 31.11, 21.26, 0],
		[39, "C28_1", 244, -503.54, "T", "SMD", "GND", "GND", "R", 31.11, 21.26, 0],
		[40, "C15_2", 278, 432.54, "T", "SMD", "VDD3V3", "", "R", 31.11, 21.26, 0],
		[41, "C15_1", 278, 475.46, "T", "SMD", "GND", "GND", "R", 31.11, 21.26, 0],
		[42, "C14_2", 231, 425.46, "T", "SMD", "VDD3V3", "", "R", 31.11, 21.26, 0],
		[43, "C14_1", 231, 382.54, "T", "SMD", "GND", "GND", "R", 31.11, 21.26, 0],
		[44, "C13_2", 232, 482.54, "T", "SMD", "VDD3V3", "", "R", 31.11, 21.26, 0],
		[45, "C13_1", 232, 525.46, "T", "SMD", "GND", "GND", "R", 31.11, 21.26, 0],
		[46, "C12_2", 366, 342.54, "T", "SMD", "$1N41556", "", "R", 31.11, 21.26, 0],
		[47, "C12_1", 366, 385.46, "T", "SMD", "GND", "GND", "R", 31.11, 21.26, 0],
		[48, "L2_2", 321, 384.54, "T", "SMD", "$1N41556", "", "R", 31.11, 21.26, 0],
		[49, "L2_1", 321, 427.46, "T", "SMD", "VDD3V3", "", "R", 31.11, 21.26, 0],
		[50, "C61_2", -125, 566.46, "T", "SMD", "GND", "GND", "R", 31.11, 21.26, 0],
		[51, "C61_1", -125, 523.54, "T", "SMD", "VDD3V3", "", "R", 31.11, 21.26, 0],
		[52, "U19_1", 456, -424.73, "T", "SMD", "GPIO34", "", "R", 35.43, 47.24, 0],
		[53, "U19_2", 506, -424.73, "T", "SMD", "GPIO35", "", "R", 35.43, 47.24, 0],
		[54, "U19_3", 556, -424.73, "T", "SMD", "GPIO36", "", "R", 35.43, 47.24, 0],
		[55, "U19_4", 606, -424.73, "T", "SMD", "GND", "GND", "R", 35.43, 47.24, 0],
		[56, "U19_5", 606, -141.27, "T", "SMD", "GPIO37", "", "R", 35.43, 47.24, 0],
		[57, "U19_6", 556, -141.27, "T", "SMD", "GPIO39", "", "R", 35.43, 47.24, 0],
		[58, "U19_7", 506, -141.27, "T", "SMD", "GPIO38", "", "R", 35.43, 47.24, 0],
		[59, "U19_8", 456, -141.27, "T", "SMD", "VDD3V3", "", "R", 35.43, 47.24, 0],
		[60, "C17_2", 477.83, 212.83, "T", "SMD", "VDD3V3", "", "R", 31.11, 21.26, 0],
		[61, "C17_1", 508.17, 243.17, "T", "SMD", "GND", "GND", "R", 31.11, 21.26, 0],
		[62, "C16_2", 505.83, 184.83, "T", "SMD", "VDD3V3", "", "R", 31.11, 21.26, 0],
		[63, "C16_1", 536.17, 215.17, "T", "SMD", "GND", "GND", "R", 31.11, 21.26, 0],
		[64, "C63_2", -399, -333.16, "T", "SMD", "$1N110010", "", "R", 31.11, 21.26, 0],
		[65, "C63_1", -399, -376.08, "T", "SMD", "COIL+", "", "R", 31.11, 21.26, 0],
		[66, "C71_2", -445.46, -280.21, "T", "SMD", "$1N110010", "", "R", 31.11, 21.26, 0],
		[67, "C71_1", -402.54, -280.21, "T", "SMD", "$1N107180", "", "R", 31.11, 21.26, 0],
		[68, "C64_2", -449, -333.16, "T", "SMD", "$1N110010", "", "R", 31.11, 21.26, 0],
		[69, "C64_1", -449, -376.08, "T", "SMD", "COIL+", "", "R", 31.11, 21.26, 0],
		[70, "C65_2", -499, -333.16, "T", "SMD", "$1N110010", "", "R", 31.11, 21.26, 0],
		[71, "C65_1", -499, -376.08, "T", "SMD", "COIL+", "", "R", 31.11, 21.26, 0],
		[72, "C66_2", -345.46, -332.44, "T", "SMD", "$1N110010", "", "R", 31.11, 21.26, 0],
		[73, "C66_1", -302.54, -332.44, "T", "SMD", "COIL-", "", "R", 31.11, 21.26, 0],
		[74, "C67_2", -476.47, -213.58, "T", "SMD", "VRECT", "", "R", 31.11, 21.26, 0],
		[75, "C67_1", -519.39, -213.58, "T", "SMD", "GND", "GND", "R", 31.11, 21.26, 0],
		[76, "C68_2", -519.39, -163.58, "T", "SMD", "GND", "GND", "R", 31.11, 21.26, 0],
		[77, "C68_1", -476.47, -163.58, "T", "SMD", "VBUS", "", "R", 31.11, 21.26, 0],
		[78, "C69_2", -519.39, -113.58, "T", "SMD", "GND", "GND", "R", 31.11, 21.26, 0],
		[79, "C69_1", -476.47, -113.58, "T", "SMD", "$1N107208", "", "R", 31.11, 21.26, 0],
		[80, "C70_2", -345.46, -280.21, "T", "SMD", "$1N107077", "", "R", 31.11, 21.26, 0],
		[81, "C70_1", -302.54, -280.21, "T", "SMD", "COIL-", "", "R", 31.11, 21.26, 0],
		[82, "C72_2", -250.99, -332.44, "T", "SMD", "VRECT", "", "R", 31.11, 21.26, 0],
		[83, "C72_1", -208.07, -332.44, "T", "SMD", "GND", "GND", "R", 31.11, 21.26, 0],
		[84, "C73_2", -251.46, -280.21, "T", "SMD", "VRECT", "", "R", 31.11, 21.26, 0],
		[85, "C73_1", -208.54, -280.21, "T", "SMD", "GND", "GND", "R", 31.11, 21.26, 0],
		[86, "R50_2", -258, -127.63, "T", "SMD", "$1N107505", "", "R", 44.59, 54.21, 0],
		[87, "R50_1", -258, -206.37, "T", "SMD", "VRECT", "", "R", 44.59, 54.21, 0],
		[88, "L7_2", 507.46, 119, "T", "SMD", "$1N119610", "", "R", 31.11, 21.26, 0],
		[89, "L7_1", 464.54, 119, "T", "SMD", "XTAL_P", "", "R", 31.11, 21.26, 0],
		[90, "U14_1", 599.91, 421.09, "T", "SMD", "$1N17720", "", "R", 39.4, 68.9, 0],
		[91, "U4_1", -2.52, 314.94, "T", "SMD", "GND", "GND", "R", 23.62, 10.63, 0],
		[92, "U4_4", 56.54, 314.94, "T", "SMD", "GPIO6", "", "R", 23.62, 10.63, 0],
		[93, "U4_5", 63.22, 341.32, "T", "SMD", "VDD3V3", "", "R", 10.63, 23.62, 0],
		[94, "U4_6", 63.22, 361, "T", "SMD", "GND", "GND", "R", 10.63, 23.62, 0],
		[95, "U4_7", 63.22, 380.69, "T", "SMD", "GND", "GND", "R", 10.63, 23.62, 0],
		[96, "U4_8", 56.53, 407.06, "T", "SMD", "VDD3V3", "", "R", 23.62, 10.63, 0],
		[97, "U4_9", 36.84, 407.06, "T", "SMD", "GPIO5", "", "R", 23.62, 10.63, 0],
		[98, "U4_12", -9.22, 380.69, "T", "SMD", "VDD3V3", "", "R", 10.63, 23.62, 0],
		[99, "U4_13", -9.22, 361, "T", "SMD", "BMP_SCL", "", "R", 10.63, 23.62, 0],
		[100, "U4_14", -9.22, 341.32, "T", "SMD", "BMP_SDA", "", "R", 10.63, 23.62, 0],
		[101, "U13_1", 344.36, 252.15, "T", "SMD", "$1N117620", "", "R", 26.18, 7.87, 0],
		[102, "U13_2", 328.62, 252.15, "T", "SMD", "$1N41556", "", "R", 26.18, 7.87, 0],
		[103, "U13_3", 312.86, 252.15, "T", "SMD", "$1N41556", "", "R", 26.18, 7.87, 0],
		[104, "U13_4", 297.13, 252.15, "T", "SMD", "ESP_EN", "", "R", 26.18, 7.87, 0],
		[105, "U13_5", 281.38, 252.15, "T", "SMD", "GPIO0", "", "R", 26.18, 7.87, 0],
		[106, "U13_9", 218.38, 252.15, "T", "SMD", "GPIO4", "", "R", 26.18, 7.87, 0],
		[107, "U13_10", 202.63, 252.15, "T", "SMD", "GPIO5", "", "R", 26.18, 7.87, 0],
		[108, "U13_11", 186.88, 252.15, "T", "SMD", "GPIO6", "", "R", 26.18, 7.87, 0],
		[109, "U13_12", 171.13, 252.15, "T", "SMD", "GPIO7", "", "R", 26.18, 7.87, 0],
		[110, "U13_13", 155.39, 252.15, "T", "SMD", "GPIO8", "", "R", 26.18, 7.87, 0],
		[111, "U13_14", 139.65, 252.15, "T", "SMD", "GPIO9", "", "R", 26.18, 7.87, 0],
		[112, "U13_15", 107.85, 220.35, "T", "SMD", "GPIO10", "", "R", 7.87, 26.18, 0],
		[113, "U13_16", 107.85, 204.62, "T", "SMD", "BMP_SDA", "", "R", 7.87, 26.18, 0],
		[114, "U13_17", 107.85, 188.86, "T", "SMD", "BMP_SCL", "", "R", 7.87, 26.18, 0],
		[115, "U13_18", 107.85, 173.11, "T", "SMD", "GPIO13", "", "R", 7.87, 26.18, 0],
		[116, "U13_19", 107.85, 157.37, "T", "SMD", "GPIO14", "", "R", 7.87, 26.18, 0],
		[117, "U13_20", 107.84, 141.62, "T", "SMD", "VDD3V3", "", "R", 7.87, 26.18, 0],
		[118, "U13_21", 107.84, 125.88, "T", "SMD", "GPIO15", "", "R", 7.87, 26.18, 0],
		[119, "U13_22", 107.84, 110.13, "T", "SMD", "GPIO16", "", "R", 7.87, 26.18, 0],
		[120, "U13_23", 107.84, 94.38, "T", "SMD", "GPIO17", "", "R", 7.87, 26.18, 0],
		[121, "U13_24", 107.84, 78.63, "T", "SMD", "GPIO18", "", "R", 7.87, 26.18, 0],
		[122, "U13_25", 107.84, 62.88, "T", "SMD", "GPIO19", "", "R", 7.87, 26.18, 0],
		[123, "U13_26", 107.84, 47.14, "T", "SMD", "GPIO20", "", "R", 7.87, 26.18, 0],
		[124, "U13_27", 107.84, 31.39, "T", "SMD", "GPIO21", "", "R", 7.87, 26.18, 0],
		[125, "U13_28", 107.84, 15.64, "T", "SMD", "GPIO26", "", "R", 7.87, 26.18, 0],
		[126, "U13_29", 139.64, -16.15, "T", "SMD", "VDD_SPI", "", "R", 26.18, 7.87, 0],
		[127, "U13_30", 155.38, -16.15, "T", "SMD", "SPIHD", "", "R", 26.18, 7.87, 0],
		[128, "U13_31", 171.14, -16.15, "T", "SMD", "SPIWP", "", "R", 26.18, 7.87, 0],
		[129, "U13_32", 186.89, -16.15, "T", "SMD", "SPICS0", "", "R", 26.18, 7.87, 0],
		[130, "U13_33", 202.63, -16.15, "T", "SMD", "SPICLK", "", "R", 26.18, 7.87, 0],
		[131, "U13_34", 218.38, -16.15, "T", "SMD", "SPIQ", "", "R", 26.18, 7.87, 0],
		[132, "U13_35", 234.13, -16.15, "T", "SMD", "SPID", "", "R", 26.18, 7.87, 0],
		[133, "U13_38", 281.38, -16.15, "T", "SMD", "GPIO33", "", "R", 26.18, 7.87, 0],
		[134, "U13_39", 297.13, -16.15, "T", "SMD", "GPIO34", "", "R", 26.18, 7.87, 0],
		[135, "U13_40", 312.87, -16.15, "T", "SMD", "GPIO35", "", "R", 26.18, 7.87, 0],
		[136, "U13_41", 328.62, -16.15, "T", "SMD", "GPIO36", "", "R", 26.18, 7.87, 0],
		[137, "U13_42", 344.36, -16.15, "T", "SMD", "GPIO37", "", "R", 26.18, 7.87, 0],
		[138, "U13_43", 376.15, 15.64, "T", "SMD", "GPIO38", "", "R", 7.87, 26.18, 0],
		[139, "U13_44", 376.15, 31.39, "T", "SMD", "GPIO39", "", "R", 7.87, 26.18, 0],
		[140, "U13_46", 376.15, 62.88, "T", "SMD", "VDD3V3", "", "R", 7.87, 26.18, 0],
		[141, "U13_53", 376.15, 173.12, "T", "SMD", "XTAL_N", "", "R", 7.87, 26.18, 0],
		[142, "U13_54", 376.15, 188.87, "T", "SMD", "XTAL_P", "", "R", 7.87, 26.18, 0],
		[143, "U13_55", 376.15, 204.62, "T", "SMD", "VDD3V3", "", "R", 7.87, 26.18, 0],
		[144, "U13_56", 376.15, 220.35, "T", "SMD", "VDD3V3", "", "R", 7.87, 26.18, 0],
		[145, "U13_57", 242, 118, "T", "SMD", "GND", "GND", "R", 157.48, 157.48, 0],
		[146, "R39_2", -222.04, -413, "T", "SMD", "$1N19349", "", "R", 22.27, 21.26, 0],
		[147, "R39_1", -187.96, -413, "T", "SMD", "GPIO21", "", "R", 22.27, 21.26, 0],
		[148, "R43_2", 128, 414.04, "T", "SMD", "$1N35806", "", "R", 22.27, 21.26, 0],
		[149, "R43_1", 128, 379.96, "T", "SMD", "GPIO4", "", "R", 22.27, 21.26, 0],
		[150, "R25_2", -202, -237.04, "T", "SMD", "GPIO18", "", "R", 22.27, 21.26, 0],
		[151, "R25_1", -202, -202.96, "T", "SMD", "GND", "GND", "R", 22.27, 21.26, 0],
		[152, "D3_2", -344.64, -458.64, "T", "SMD", "$1N240483", "", "R", 39.37, 29.53, 0],
		[153, "D3_1", -279.36, -393.36, "T", "SMD", "VDD3V3", "", "R", 39.37, 29.53, 0],
		[154, "D4_2", -31.83, 453, "T", "SMD", "$1N240435", "", "R", 39.37, 29.53, 0],
		[155, "D4_1", -124.16, 453, "T", "SMD", "VDD3V3", "", "R", 39.37, 29.53, 0],
		[156, "U15_1", 150, -396.56, "T", "SMD", "SPICS0", "", "O", 22.05, 55.12, 0],
		[157, "U15_2", 200, -396.56, "T", "SMD", "SPIQ", "", "O", 22.05, 55.12, 0],
		[158, "U15_3", 250, -396.56, "T", "SMD", "SPIWP", "", "O", 22.05, 55.12, 0],
		[159, "U15_4", 300, -396.56, "T", "SMD", "GND", "GND", "O", 22.05, 55.12, 0],
		[160, "U15_5", 300, -79.44, "T", "SMD", "SPID", "", "O", 22.05, 55.12, 0],
		[161, "U15_6", 250, -79.44, "T", "SMD", "SPICLK", "", "O", 22.05, 55.12, 0],
		[162, "U15_7", 200, -79.44, "T", "SMD", "SPIHD", "", "O", 22.05, 55.12, 0],
		[163, "U15_8", 150, -79.44, "T", "SMD", "VDD_SPI", "", "O", 22.05, 55.12, 0],
		[164, "U15_9", 225, -238, "T", "SMD", "GND", "GND", "R", 169.29, 133.86, 0],
		[165, "U17_5", -63.46, 397.39, "T", "SMD", "VDD3V3", "", "R", 23.62, 15.75, 0],
		[166, "U17_6", -63.46, 371.79, "T", "SMD", "VDD3V3", "", "R", 23.62, 15.75, 0],
		[167, "U17_7", -63.46, 346.21, "T", "SMD", "GND", "GND", "R", 23.62, 15.75, 0],
		[168, "U17_8", -63.46, 320.61, "T", "SMD", "VDD3V3", "", "R", 23.62, 15.75, 0],
		[169, "U17_4", -120.54, 397.39, "T", "SMD", "BMP_SCL", "", "R", 23.62, 15.75, 0],
		[170, "U17_3", -120.54, 371.79, "T", "SMD", "BMP_SDA", "", "R", 23.62, 15.75, 0],
		[171, "U17_2", -120.54, 346.21, "T", "SMD", "VDD3V3", "", "R", 23.62, 15.75, 0],
		[172, "U17_1", -120.54, 320.61, "T", "SMD", "GND", "GND", "R", 23.62, 15.75, 0],
		[173, "U20_16", -432.02, -203.49, "T", "SMD", "$1N110010", "", "R", 9.84, 19.68, 0],
		[174, "U20_15", -432.02, -183.8, "T", "SMD", "VRECT", "", "R", 9.84, 19.68, 0],
		[175, "U20_14", -432.02, -164.12, "T", "SMD", "VBUS", "", "R", 9.84, 19.68, 0],
		[176, "U20_13", -432.02, -144.43, "T", "SMD", "$1N107208", "", "R", 9.84, 19.68, 0],
		[177, "U20_8", -317.85, -144.43, "T", "SMD", "GND", "GND", "R", 9.84, 19.68, 0],
		[178, "U20_7", -317.85, -164.12, "T", "SMD", "$1N107505", "", "R", 9.84, 19.68, 0],
		[179, "U20_6", -317.85, -183.8, "T", "SMD", "VRECT", "", "R", 9.84, 19.68, 0],
		[180, "U20_5", -317.85, -203.49, "T", "SMD", "COIL-", "", "R", 9.84, 19.68, 0],
		[181, "U20_4", -345.4, -231.04, "T", "SMD", "GND", "GND", "R", 9.84, 19.68, 0],
		[182, "U20_3", -365.09, -231.04, "T", "SMD", "$1N107077", "", "R", 9.84, 19.68, 0],
		[183, "U20_2", -384.77, -231.04, "T", "SMD", "$1N107180", "", "R", 9.84, 19.68, 0],
		[184, "U20_1", -404.46, -231.04, "T", "SMD", "GND", "GND", "R", 9.84, 19.68, 0],
		[185, "U20_17", -374.93, -173.96, "T", "SMD", "GND", "GND", "R", 75.59, 75.59, 0],
		[186, "C78_2", 563.54, 119, "T", "SMD", "$1N119610", "", "R", 31.11, 21.26, 0],
		[187, "C78_1", 606.46, 119, "T", "SMD", "GND", "GND", "R", 31.11, 21.26, 0],
		[188, "C79_2", 451, 13.54, "T", "SMD", "GND", "GND", "R", 31.11, 21.26, 0],
		[189, "C79_1", 451, 56.46, "T", "SMD", "XTAL_N", "", "R", 31.11, 21.26, 0],
		[190, "C80_2", 443.64, 266.36, "T", "SMD", "$1N117620", "", "R", 14.51, 12.76, 0],
		[191, "C80_1", 428.36, 281.64, "T", "SMD", "GND", "GND", "R", 14.51, 12.76, 0],
		[192, "C81_2", 504.36, 325.64, "T", "SMD", "$1N17720", "", "R", 14.51, 12.76, 0],
		[193, "C81_1", 519.64, 310.36, "T", "SMD", "GND", "GND", "R", 14.51, 12.76, 0],
		[194, "L8_2", 466.36, 288.36, "T", "SMD", "$1N117620", "", "R", 14.51, 12.76, 0],
		[195, "L8_1", 481.64, 303.64, "T", "SMD", "$1N17720", "", "R", 14.51, 12.76, 0],
		[196, "U21_41", -404, 70, "T", "SMD", "GND", "GND", "R", 133.86, 133.86, 0],
		[197, "U21_2", -459.12, -28.4, "T", "SMD", "VREF", "", "O", 31.5, 7.87, 0],
		[198, "U21_3", -443.37, -28.4, "T", "SMD", "GND", "GND", "O", 31.5, 7.87, 0],
		[199, "U21_21", -333.13, 168.4, "T", "SMD", "VDD3V3", "", "O", 31.5, 7.87, 0],
		[200, "U21_22", -348.88, 168.4, "T", "SMD", "$1N133760", "", "O", 31.5, 7.87, 0],
		[201, "U21_23", -364.63, 168.4, "T", "SMD", "VSYS", "", "O", 31.5, 7.87, 0],
		[202, "U21_28", -443.37, 168.4, "T", "SMD", "VRTC", "", "O", 31.5, 7.87, 0],
		[203, "U21_29", -459.12, 168.4, "T", "SMD", "ESP_EN", "", "O", 31.5, 7.87, 0],
		[204, "U21_30", -474.87, 168.4, "T", "SMD", "GPIO26", "", "O", 31.5, 7.87, 0],
		[205, "U21_40", -502.4, -0.87, "T", "SMD", "BMP_SCL", "", "O", 7.87, 31.5, 0],
		[206, "U21_39", -502.4, 14.88, "T", "SMD", "BMP_SDA", "", "O", 7.87, 31.5, 0],
		[207, "U21_38", -502.4, 30.63, "T", "SMD", "GPIO8", "", "O", 7.87, 31.5, 0],
		[208, "U21_37", -502.4, 46.38, "T", "SMD", "VBUS", "", "O", 7.87, 31.5, 0],
		[209, "U21_36", -502.4, 62.13, "T", "SMD", "VSYS", "", "O", 7.87, 31.5, 0],
		[210, "U21_34", -502.4, 93.62, "T", "SMD", "VSYS", "", "O", 7.87, 31.5, 0],
		[211, "U21_33", -502.4, 109.37, "T", "SMD", "VBAT", "", "O", 7.87, 31.5, 0],
		[212, "C82_2", -396.46, -74, "T", "SMD", "VREF", "", "R", 31.11, 21.26, 0],
		[213, "C82_1", -353.54, -74, "T", "SMD", "GND", "GND", "R", 31.11, 21.26, 0],
		[214, "L1_1", -392.74, 250.71, "T", "SMD", "$1N133760", "", "R", 67.87, 73.62, 0],
		[215, "L1_2", -296.04, 250.71, "T", "SMD", "VDD3V3", "", "R", 67.87, 73.62, 0],
		[216, "C11_2", -565.74, 144, "T", "SMD", "VBAT", "", "R", 31.11, 21.26, 0],
		[217, "C11_1", -608.66, 144, "T", "SMD", "GND", "GND", "R", 31.11, 21.26, 0],
		[218, "C10_2", -565.74, 52.34, "T", "SMD", "VBUS", "", "R", 31.11, 21.26, 0],
		[219, "C10_1", -608.66, 52.34, "T", "SMD", "GND", "GND", "R", 31.11, 21.26, 0],
		[220, "C83_2", -504, 271.46, "T", "SMD", "VRTC", "", "R", 31.11, 21.26, 0],
		[221, "C83_1", -504, 228.54, "T", "SMD", "GND", "GND", "R", 31.11, 21.26, 0],
		[222, "C5_2", -234.43, 229.25, "T", "SMD", "VDD3V3", "", "R", 31.11, 21.26, 0],
		[223, "C5_1", -234.43, 272.17, "T", "SMD", "GND", "GND", "R", 31.11, 21.26, 0],
		[224, "TP2_1", 141.76, 329.92, "T", "DIP", "GND", "GND", "C", 47.24, 47.24, 25],
		[225, "TP2_1", 141.76, 329.92, "B", "DIP", "GND", "GND", "C", 47.24, 47.24, 25],
		[226, "TP1_1", 212.76, 329.29, "T", "DIP", "GPIO0", "", "C", 47.24, 47.24, 25],
		[227, "TP1_1", 212.76, 329.29, "B", "DIP", "GPIO0", "", "C", 47.24, 47.24, 25],
		[228, "C6_2", -565.74, 98.17, "T", "SMD", "VSYS", "", "R", 31.11, 21.26, 0],
		[229, "C6_1", -608.66, 98.17, "T", "SMD", "GND", "GND", "R", 31.11, 21.26, 0],
		[230, "C7_2", -455, 228.54, "T", "SMD", "VSYS", "", "R", 31.11, 21.26, 0],
		[231, "C7_1", -455, 271.46, "T", "SMD", "GND", "GND", "R", 31.11, 21.26, 0],
		[232, "CN2_4", -485.15, 468.87, "T", "SMD", "GPIO7", "", "R", 8.66, 17.72, 0],
		[233, "CN2_3", -485.15, 453.13, "T", "SMD", "GPIO7", "", "R", 8.66, 17.72, 0],
		[234, "CN2_2", -578.85, 468.87, "T", "SMD", "BMP_SCL", "", "R", 8.66, 17.72, 0],
		[235, "CN2_1", -578.85, 453.13, "T", "SMD", "BMP_SDA", "", "R", 8.66, 17.72, 0],
		[236, "CN2_8", -578.85, 500.37, "T", "SMD", "GND", "GND", "R", 27.56, 17.72, 0],
		[237, "CN2_6", -485.15, 500.37, "T", "SMD", "GND", "GND", "R", 27.56, 17.72, 0],
		[238, "CN2_5", -485.15, 421.63, "T", "SMD", "VDD3V3", "", "R", 27.56, 17.72, 0],
		[239, "CN2_7", -578.85, 421.63, "T", "SMD", "VDD3V3", "", "R", 27.56, 17.72, 0],
		[240, "CN2_12", -578.85, 382.34, "T", "SMD", "VDD3V3", "", "R", 33.66, 17.72, 0],
		[241, "CN2_11", -485.15, 382.34, "T", "SMD", "VDD3V3", "", "R", 33.66, 17.72, 0],
		[242, "CN2_10", -485.15, 539.66, "T", "SMD", "GND", "GND", "R", 33.66, 17.72, 0],
		[243, "CN2_9", -578.85, 539.66, "T", "SMD", "GND", "GND", "R", 33.66, 17.72, 0],
		[244, "X5_18", -172.61, 169.32, "T", "SMD", "GND", "GND", "R", 11.81, 59.05, 0],
		[245, "X5_17", -172.61, 149.63, "T", "SMD", "VDD3V3", "", "R", 11.81, 59.05, 0],
		[246, "X5_16", -172.61, 129.95, "T", "SMD", "GPIO9", "", "R", 11.81, 59.05, 0],
		[247, "X5_15", -172.61, 110.26, "T", "SMD", "GPIO10", "", "R", 11.81, 59.05, 0],
		[248, "X5_14", -172.61, 90.58, "T", "SMD", "BMP_SDA", "", "R", 11.81, 59.05, 0],
		[249, "X5_13", -172.61, 70.89, "T", "SMD", "BMP_SCL", "", "R", 11.81, 59.05, 0],
		[250, "X5_12", -172.61, 51.22, "T", "SMD", "GND", "GND", "R", 11.81, 59.05, 0],
		[251, "X5_11", -172.61, 31.53, "T", "SMD", "GPIO13", "", "R", 11.81, 59.05, 0],
		[252, "X5_10", -172.61, 11.85, "T", "SMD", "GPIO14", "", "R", 11.81, 59.05, 0],
		[253, "X5_9", -172.61, -7.84, "T", "SMD", "GPIO15", "", "R", 11.81, 59.05, 0],
		[254, "X5_8", -172.61, -27.52, "T", "SMD", "GPIO16", "", "R", 11.81, 59.05, 0],
		[255, "X5_7", -172.61, -47.21, "T", "SMD", "GPIO17", "", "R", 11.81, 59.05, 0],
		[256, "X5_6", -172.61, -66.89, "T", "SMD", "GND", "GND", "R", 11.81, 59.05, 0],
		[257, "X5_5", -172.61, -86.59, "T", "SMD", "GND", "GND", "R", 11.81, 59.05, 0],
		[258, "X5_4", -172.61, -106.27, "T", "SMD", "VDD3V3", "", "R", 11.81, 59.05, 0],
		[259, "X5_3", -172.61, -125.96, "T", "SMD", "VDD3V3", "", "R", 11.81, 59.05, 0],
		[260, "X5_2", -172.61, -145.64, "T", "SMD", "$1N133195", "", "R", 11.81, 59.05, 0],
		[261, "X5_1", -172.61, -165.72, "T", "SMD", "GND", "GND", "R", 11.81, 59.05, 0],
		[262, "X5_20", -83.4, -230.32, "T", "SMD", "GND", "GND", "R", 78.74, 118.11, 0],
		[263, "X5_19", -83.65, 234.32, "T", "SMD", "GND", "GND", "R", 78.74, 118.11, 0],
		[264, "U22_1", -870, 146, "T", "SMD", "VBUS", "", "C", 90.55, 90.55, 0],
		[265, "U22_2", -870, 46, "T", "SMD", "GPIO19", "", "C", 90.55, 90.55, 0],
		[266, "U22_3", -870, -54, "T", "SMD", "GPIO20", "", "C", 90.55, 90.55, 0],
		[267, "U22_4", -870, -154, "T", "SMD", "GND", "GND", "C", 90.55, 90.55, 0],
		[268, "U23_1", -870, -154, "B", "SMD", "GND", "GND", "C", 90.55, 90.55, 0],
		[269, "U23_2", -870, -54, "B", "SMD", "GPIO20", "", "C", 90.55, 90.55, 0],
		[270, "U23_3", -870, 46, "B", "SMD", "GPIO19", "", "C", 90.55, 90.55, 0],
		[271, "U23_4", -870, 146, "B", "SMD", "VBUS", "", "C", 90.55, 90.55, 0],
		[272, "SW2_1", 201.55, -529.51, "T", "SMD", "GND", "GND", "R", 35.43, 47.24, 0],
		[273, "SW2_2", 20.45, -529.51, "T", "SMD", "GND", "GND", "R", 35.43, 47.24, 0],
		[274, "SW2_3", 176.94, -468.49, "T", "SMD", "GND", "GND", "R", 47.24, 51.18, 0],
		[275, "SW2_4", 45.05, -468.49, "T", "SMD", "GPIO26", "", "R", 47.24, 51.18, 0],
		[276, "R33_2", -255, 169.04, "T", "SMD", "VDD3V3", "", "R", 22.27, 21.26, 0],
		[277, "R33_1", -255, 134.96, "T", "SMD", "BMP_SCL", "", "R", 22.27, 21.26, 0],
		[278, "R22_2", -252, -13.04, "T", "SMD", "VDD3V3", "", "R", 22.27, 21.26, 0],
		[279, "R22_1", -252, 21.04, "T", "SMD", "BMP_SDA", "", "R", 22.27, 21.26, 0],
		[280, "R38_2", -222.04, -372, "T", "SMD", "$1N19349", "", "R", 22.27, 21.26, 0],
		[281, "R38_1", -187.96, -372, "T", "SMD", "GND", "GND", "R", 22.27, 21.26, 0],
		[282, "R42_2", 179, 379.96, "T", "SMD", "$1N35806", "", "R", 22.27, 21.26, 0],
		[283, "R42_1", 179, 414.04, "T", "SMD", "GND", "GND", "R", 22.27, 21.26, 0],
		[284, "R27_2", 429.06, -479.5, "T", "SMD", "VDD3V3", "", "R", 22.27, 21.26, 0],
		[285, "R27_1", 463.14, -479.5, "T", "SMD", "GPIO34", "", "R", 22.27, 21.26, 0],
		[286, "R26_2", 548.04, -479.5, "T", "SMD", "VDD3V3", "", "R", 22.27, 21.26, 0],
		[287, "R26_1", 513.96, -479.5, "T", "SMD", "GPIO35", "", "R", 22.27, 21.26, 0],
		[288, "R44_2", 632.94, -479.5, "T", "SMD", "VDD3V3", "", "R", 22.27, 21.26, 0],
		[289, "R44_1", 598.86, -479.5, "T", "SMD", "GPIO36", "", "R", 22.27, 21.26, 0],
		[290, "R24_2", 598.86, -87.5, "T", "SMD", "VDD3V3", "", "R", 22.27, 21.26, 0],
		[291, "R24_1", 632.94, -87.5, "T", "SMD", "GPIO37", "", "R", 22.27, 21.26, 0],
		[292, "R45_2", 513.96, -87.5, "T", "SMD", "VDD3V3", "", "R", 22.27, 21.26, 0],
		[293, "R45_1", 548.04, -87.5, "T", "SMD", "GPIO39", "", "R", 22.27, 21.26, 0],
		[294, "R46_2", 429.06, -87.5, "T", "SMD", "VDD3V3", "", "R", 22.27, 21.26, 0],
		[295, "R46_1", 463.14, -87.5, "T", "SMD", "GPIO38", "", "R", 22.27, 21.26, 0],
		[296, "U24_1", -60.6, -321.25, "T", "SMD", "$1N19349", "", "R", 49.21, 27.56, 0],
		[297, "U24_2", -135.4, -321.25, "T", "SMD", "GND", "GND", "R", 49.21, 27.56, 0],
		[298, "U24_3", -98, -399.99, "T", "SMD", "$1N240483", "", "R", 49.21, 27.56, 0],
		[299, "U25_1", 112.6, 464.63, "T", "SMD", "$1N35806", "", "R", 49.21, 27.56, 0],
		[300, "U25_2", 187.4, 464.63, "T", "SMD", "GND", "GND", "R", 49.21, 27.56, 0],
		[301, "U25_3", 150, 543.37, "T", "SMD", "$1N240435", "", "R", 49.21, 27.56, 0],
		[302, "PAD1_59", -607.3, -318.27, "T", "DIP", "GND", "GND", "C", 66.9, 66.9, 40.14],
		[303, "PAD1_59", -607.3, -318.27, "B", "DIP", "GND", "GND", "C", 66.9, 66.9, 40.14],
		[304, "PAD2_59", -607.3, -217.11, "T", "DIP", "GPIO20", "", "C", 66.9, 66.9, 40.14],
		[305, "PAD2_59", -607.3, -217.11, "B", "DIP", "GPIO20", "", "C", 66.9, 66.9, 40.14],
		[306, "PAD3_59", -607.3, -115.94, "T", "DIP", "GPIO19", "", "C", 66.9, 66.9, 40.14],
		[307, "PAD3_59", -607.3, -115.94, "B", "DIP", "GPIO19", "", "C", 66.9, 66.9, 40.14],
		[308, "PAD4_59", -607.3, -14.77, "T", "DIP", "VBUS", "", "R", 66.9, 66.9, 40.14],
		[309, "PAD4_59", -607.3, -14.77, "B", "DIP", "VBUS", "", "R", 66.9, 66.9, 40.14],
		[310, "PAD5_59", -392, -532, "T", "DIP", "$1N240483", "", "C", 66.9, 66.9, 40.14],
		[311, "PAD5_59", -392, -532, "B", "DIP", "$1N240483", "", "C", 66.9, 66.9, 40.14],
		[312, "PAD6_59", -291.8, -534.3, "T", "DIP", "VDD3V3", "", "R", 66.9, 66.9, 40.14],
		[313, "PAD6_59", -291.8, -534.3, "B", "DIP", "VDD3V3", "", "R", 66.9, 66.9, 40.14],
		[314, "PAD7_59", -564, -422, "T", "DIP", "COIL+", "", "C", 66.9, 66.9, 40.14],
		[315, "PAD7_59", -564, -422, "B", "DIP", "COIL+", "", "C", 66.9, 66.9, 40.14],
		[316, "PAD8_59", -492, -491, "T", "DIP", "COIL-", "", "C", 66.9, 66.9, 40.14],
		[317, "PAD8_59", -492, -491, "B", "DIP", "COIL-", "", "C", 66.9, 66.9, 40.14],
		[318, "PAD9_59", -606.74, 310.46, "T", "DIP", "GND", "GND", "C", 66.9, 66.9, 40.14],
		[319, "PAD9_59", -606.74, 310.46, "B", "DIP", "GND", "GND", "C", 66.9, 66.9, 40.14],
		[320, "PAD10_59", -607.74, 210.3, "T", "DIP", "VBAT", "", "R", 66.9, 66.9, 40.14],
		[321, "PAD10_59", -607.74, 210.3, "B", "DIP", "VBAT", "", "R", 66.9, 66.9, 40.14],
		[322, "PAD11_59", 42.46, 531.46, "T", "DIP", "$1N240435", "", "C", 66.9, 66.9, 40.14],
		[323, "PAD11_59", 42.46, 531.46, "B", "DIP", "$1N240435", "", "C", 66.9, 66.9, 40.14],
		[324, "PAD12_59", -57, 532, "T", "DIP", "VDD3V3", "", "R", 66.9, 66.9, 40.14],
		[325, "PAD12_59", -57, 532, "B", "DIP", "VDD3V3", "", "R", 66.9, 66.9, 40.14],
		[326, "PAD13_1", 321.2, 335.63, "T", "SMD", "VDD3V3", "", "R", 22, 22, 0],
		[327, "PAD14_1", 321.2, 300.96, "T", "SMD", "ESP_EN", "", "R", 22, 22, 0]
	]
}
}